{
  "factorA": {
    "name": "Memory",
    "ss": 613269.9272727271,
    "df": 1,
    "ms": 613269.9272727271,
    "f": 157.35244816762295,
    "p": 0.000004719365926830754,
    "eta2": 0.9174962497271572,
    "significant": true
  },
  "factorB": {
    "name": "Pressure",
    "ss": 17541.92727272727,
    "df": 1,
    "ms": 17541.92727272727,
    "f": 4.500897694783773,
    "p": 0.0715594396647572,
    "eta2": 0.026243994316317354,
    "significant": false
  },
  "interaction": {
    "name": "Memory × Pressure",
    "ss": 10322.967272727274,
    "df": 1,
    "ms": 10322.967272727274,
    "f": 2.648661055241218,
    "p": 0.14766233069864976,
    "eta2": 0.015443907058843081,
    "significant": false
  },
  "error": {
    "ss": 27282,
    "df": 7,
    "ms": 3897.4285714285716
  },
  "total": {
    "ss": 668416.8218181817,
    "df": 10
  },
  "grandMean": 221.54545454545453,
  "n": 11,
  "cellMeans": {
    "Clean (void)×L0 (none)": {
      "mean": 511,
      "n": 3,
      "std": 82.05485969764375
    },
    "Evolved (full)×L0 (none)": {
      "mean": 5,
      "n": 3,
      "std": 4.358898943540674
    },
    "Clean (void)×L2 (PUA)": {
      "mean": 434,
      "n": 2,
      "std": 117.37972567696688
    },
    "Evolved (full)×L2 (PUA)": {
      "mean": 7,
      "n": 3,
      "std": 0
    }
  }
}
