{
  "timestamp": "2026-04-22T05:05:04Z",
  "dataset": "Synthetic20",
  "retrievers": {
    "bm25": {
      "MRR@1": 1.0,
      "NDCG@1": 1.0,
      "Recall@1": 0.9,
      "MRR@3": 1.0,
      "NDCG@3": 0.9613147192765459,
      "Recall@3": 0.95,
      "MRR@5": 1.0,
      "NDCG@5": 0.9613147192765459,
      "Recall@5": 0.95,
      "MRR@10": 1.0,
      "NDCG@10": 0.9797722889545026,
      "Recall@10": 1.0,
      "MRR@100": 1.0,
      "NDCG@100": 0.9797722889545026,
      "Recall@100": 1.0
    },
    "dense": {
      "MRR@1": 1.0,
      "NDCG@1": 1.0,
      "Recall@1": 0.9,
      "MRR@3": 1.0,
      "NDCG@3": 0.9919720789148186,
      "Recall@3": 1.0,
      "MRR@5": 1.0,
      "NDCG@5": 0.9919720789148186,
      "Recall@5": 1.0,
      "MRR@10": 1.0,
      "NDCG@10": 0.9919720789148186,
      "Recall@10": 1.0,
      "MRR@100": 1.0,
      "NDCG@100": 0.9919720789148186,
      "Recall@100": 1.0
    },
    "adaptive_hybrid": {
      "MRR@1": 1.0,
      "NDCG@1": 1.0,
      "Recall@1": 0.9,
      "MRR@3": 1.0,
      "NDCG@3": 0.9226294385530917,
      "Recall@3": 0.9,
      "MRR@5": 1.0,
      "NDCG@5": 0.9226294385530917,
      "Recall@5": 0.9,
      "MRR@10": 1.0,
      "NDCG@10": 0.9226294385530917,
      "Recall@10": 0.9,
      "MRR@100": 1.0,
      "NDCG@100": 0.9226294385530917,
      "Recall@100": 0.9
    }
  }
}